{
  "BASEDATA": {
    "USER": "/basedata/orguser/findByCode",
    "DATAUSER" : "/basedata/user/getUser",
    "SAVEUSER" : "/basedata/orguser/save",
    "GETORGS" : "/basedata/org/findAllOrderByOrgCodeAsc"
  },
  "EventInfo": {
    "LIST": "/eventInfo/list/search",
    "ADD": "/eventInfo/save",
    "VIEW": "/eventInfo/showInfo",
    "SENDCHECK": "/eventInfo/sendApply",
    "REPORT": "/eventInfo/sendInfoApply",
    "CHECKLIST": "/eventInfo/findAllInfoApply",
    "CHECKVIEW": "/eventInfo/showApply",
    "CHECK": "/eventInfo/infoApply",
    "FINISH" : "/eventInfo/finish"
  },
  "INSTRUCT": {
    "SAVE": "/eventInfo/opinion/save-opinion",
    "VIEW": "/eventInfo/opinion/get-opinion-by-event-id",
    "LIST": "/eventInfo/opinion/list-instrutction-by-event-id",
    "LISTINSTR" : "/eventInfo/opinion/list-instruction",
    "FEEDBACKLIST" : "/eventInfo/findOpinionInstructionFb",
    "ADDFEEDBACK" : "/eventInfo/saveOpinionInstructionFb"
  }
}
