{
  "obj_list":[{"title":"测试标题","body":"这是一条测试数据"},
    {"title":"测试标题","body":"这是一条测试数据"},
    {"title":"测试标题","body":"这是一条测试数据"},
    {"title":"测试标题","body":"这是一条测试数据"},
    {"title":"测试标题","body":"这是一条测试数据"},
    {"title":"测试标题","body":"这是一条测试数据"},
    {"title":"测试标题","body":"这是一条测试数据"},
    {"title":"测试标题","body":"这是一条测试数据"},
    {"title":"测试标题","body":"这是一条测试数据"},
    {"title":"测试标题","body":"这是一条测试数据"}]
}
